user_id,song_id,listen_count
1,45,1
1,48,1
1,52,1
1,53,1
1,55,1
1,59,1
1,67,1
1,72,1
1,74,1
1,81,1
1,83,1
1,87,1
1,97,1
1,100,1
1,109,1
1,120,1
1,122,1
1,146,1
1,153,1
1,154,1
1,157,1
1,160,1
1,163,1
1,168,1
1,171,1
1,196,1
1,210,1
1,214,1
1,218,1
1,219,1
1,253,1
1,254,1
1,261,1
1,266,1
1,275,1
1,280,1
1,282,1
1,294,1
1,298,1
1,310,1
1,319,1
1,329,1
1,334,1
1,342,1
1,401,1
1,435,1
1,439,1
1,441,1
1,450,1
1,476,1
1,477,1
1,487,1
1,526,1
1,537,1
1,541,1
1,550,1
1,557,1
1,568,1
1,593,1
1,600,1
1,607,1
1,609,1
1,625,1
1,641,1
1,647,1
1,664,1
1,687,1
1,696,1
1,706,1
1,746,1
1,749,1
1,775,1
1,813,1
1,834,1
1,847,1
1,873,1
1,895,1
1,985,1
1,995,2
1,1031,1
1,1167,1
1,1211,1
1,1215,1
1,1233,1
1,1295,1
1,1330,1
1,1402,1
1,1429,1
1,1443,1
1,1647,1
1,1878,1
1,1939,1
1,1964,1
1,2008,1
1,2087,1
1,2093,1
2,17,1
2,23,1
2,29,1
2,34,1
2,66,1
2,91,1
2,94,1
2,108,1
2,117,1
2,140,1
2,142,1
2,172,1
2,235,1
2,349,1
2,366,1
2,413,1
2,425,1
2,434,1
2,448,1
2,474,1
2,563,1
2,574,1
2,591,1
2,599,1
2,601,1
2,649,1
2,703,1
2,733,1
2,750,1
2,793,1
2,801,1
2,820,1
2,835,1
2,931,1
2,1087,1
2,1166,1
2,1426,1
2,1450,1
2,1470,1
2,1565,1
2,1696,1
2,1731,1
2,2166,1
3,1,1
3,2,1
3,6,1
3,7,1
3,14,1
3,26,1
3,36,1
3,40,1
3,41,1
3,42,1
3,47,1
3,50,1
3,55,1
3,89,1
3,107,1
3,116,1
3,118,1
3,132,1
3,138,1
3,165,1
3,170,1
3,182,1
3,195,1
3,196,1
3,243,1
3,244,1
3,247,1
3,272,1
3,279,1
3,305,1
3,312,1
3,315,1
3,346,1
3,367,1
3,405,1
3,590,1
3,605,1
3,628,1
3,661,1
3,679,1
3,764,1
3,794,1
3,926,1
3,1094,1
3,1187,1
3,1669,1
3,1847,1
3,1902,1
3,1991,1
4,1,1
4,119,1
4,221,1
4,262,1
4,318,1
4,372,1
4,395,1
4,412,1
4,430,1
4,471,1
4,493,1
4,518,1
4,521,1
4,553,1
4,560,1
4,586,1
4,587,1
4,613,1
4,654,1
4,670,1
4,688,1
4,708,1
4,720,1
4,752,1
4,757,1
4,797,1
4,860,1
4,867,1
4,868,1
4,871,1
4,885,1
4,890,1
4,906,1
4,938,1
4,1057,1
4,1066,1
4,1097,1
4,1110,1
4,1120,1
4,1129,1
4,1145,1
4,1149,1
4,1153,1
4,1171,1
4,1206,1
4,1209,1
4,1244,1
4,1307,1
4,1312,1
4,1397,1
4,1400,1
4,1407,1
4,1413,1
4,1414,1
4,1425,1
4,1446,1
4,1469,1
4,1486,1
4,1489,1
4,1515,1
4,1534,1
4,1535,1
4,1540,1
4,1545,1
4,1589,1
4,1630,1
4,1670,1
4,1671,1
4,1672,1
4,1674,1
4,1697,1
4,1763,1
4,1780,1
4,1786,1
4,1806,1
4,1811,1
4,1814,1
4,1843,1
4,1887,1
4,1888,1
4,1909,1
4,1918,1
4,1919,1
4,1926,1
4,1936,1
4,1942,1
4,1944,1
4,1995,1
4,2041,1
4,2054,1
4,2057,1
4,2065,1
4,2154,1
4,2170,1
4,2179,1
4,2184,1
4,2198,1
4,2222,1
4,2228,1
4,2253,1
4,2336,1
4,2337,1
4,2342,1
4,2370,1
4,2388,1
5,1,1
5,12,1
5,35,1
5,126,1
5,137,1
5,143,1
5,185,1
5,203,1
5,265,1
5,376,1
5,380,1
5,391,1
5,411,1
5,454,1
5,470,1
5,501,1
5,545,1
5,592,1
5,611,1
5,612,1
5,642,1
5,702,1
5,722,1
5,826,1
5,854,1
5,992,1
5,1045,1
5,1090,1
5,1123,1
5,1140,1
5,1141,1
5,1256,1
5,1428,1
5,1527,1
5,1621,1
5,1702,1
5,1712,1
5,1839,1
5,1898,1
5,1956,1
5,2171,1
5,2174,1
5,2243,1
5,2301,1
5,2410,1
6,4,1
6,368,1
6,386,1
6,429,1
6,431,1
6,453,1
6,529,1
6,580,1
6,623,1
6,715,1
6,761,1
6,777,1
6,816,1
6,823,1
6,870,1
6,872,1
6,883,1
6,903,1
6,940,1
6,988,1
6,1036,1
6,1038,1
6,1039,1
6,1051,1
6,1060,1
6,1124,1
6,1143,1
6,1255,1
6,1310,1
6,1339,1
6,1361,1
6,1431,1
6,1439,1
6,1459,1
6,1478,1
6,1524,1
6,1547,1
6,1564,1
6,1592,1
6,1618,1
6,1645,1
6,1745,1
6,1781,1
6,1815,1
6,1882,1
6,1903,1
6,1941,1
6,1960,1
6,1969,1
6,2082,1
6,2105,1
6,2227,1
6,2232,1
6,2279,1
7,41,1
7,42,1
7,114,1
7,169,1
7,191,1
7,207,1
7,284,1
7,285,1
7,321,1
7,373,1
7,403,1
7,480,1
7,495,1
7,499,1
7,521,1
7,543,1
7,552,1
7,578,1
7,585,1
7,623,1
7,644,1
7,645,1
7,648,1
7,651,1
7,653,1
7,668,1
7,697,1
7,698,1
7,701,1
7,708,1
7,709,1
7,713,1
7,727,1
7,729,1
7,730,1
7,787,1
7,790,1
7,858,1
7,866,1
7,868,1
7,884,1
7,898,1
7,904,1
7,921,1
7,928,1
7,938,1
7,953,1
7,966,1
7,974,1
7,982,1
7,984,1
7,990,1
7,999,1
7,1053,1
7,1078,1
7,1084,1
7,1095,1
7,1113,1
7,1127,1
7,1134,1
7,1142,1
7,1149,1
7,1151,1
7,1201,1
7,1205,1
7,1225,1
7,1244,1
7,1250,1
7,1257,1
7,1260,1
7,1264,1
7,1279,1
7,1289,1
7,1343,1
7,1347,1
7,1366,1
7,1370,1
7,1386,1
7,1387,1
7,1408,1
7,1410,1
7,1412,1
7,1414,1
7,1419,1
7,1456,1
7,1468,1
7,1487,1
7,1493,1
7,1523,1
7,1538,1
7,1580,1
7,1586,1
7,1639,1
7,1642,1
7,1700,1
7,1726,1
7,1735,1
7,1787,1
7,1790,1
7,1829,1
7,1850,1
7,1861,1
7,1865,1
7,1901,1
7,1912,1
7,1916,1
7,1923,1
7,1933,1
7,1940,1
7,1946,1
7,1955,1
7,1969,1
7,1980,1
7,1987,1
7,2046,1
7,2076,1
7,2113,1
7,2126,1
7,2127,1
7,2161,1
7,2162,1
7,2180,1
7,2211,1
7,2246,1
7,2268,1
7,2277,1
7,2288,1
7,2303,1
7,2326,1
7,2327,1
7,2361,1
7,2372,1
7,2378,1
7,2384,1
8,9,1
8,10,1
8,32,1
8,249,1
8,325,1
8,407,1
8,420,1
8,536,1
9,11,1
9,37,1
9,93,1
9,98,1
9,112,1
9,169,1
9,202,1
9,242,1
9,295,1
9,296,1
9,327,1
9,333,1
9,356,1
9,357,1
9,414,1
9,417,1
9,445,1
9,457,1
9,483,1
9,530,1
9,556,1
9,558,1
9,610,1
9,684,1
9,778,1
9,805,1
9,853,1
9,864,1
9,865,1
9,916,1
9,943,1
9,997,1
9,1013,1
9,1041,1
9,1107,1
9,1161,1
9,1231,1
9,1241,1
9,1271,1
9,1341,1
9,1411,1
9,1481,1
9,1526,1
9,1638,1
9,1649,1
9,1722,1
9,1724,1
9,1737,1
9,1772,1
9,1852,1
9,1928,1
9,1943,1
9,1971,1
9,2020,1
9,2203,1
10,13,1
10,22,1
10,36,1
10,60,1
10,86,1
10,123,1
10,129,1
10,535,1
10,738,1
11,15,1
11,125,1
11,595,1
11,692,1
11,736,1
11,1230,1
11,1491,1
12,15,1
12,25,1
12,28,1
12,37,1
12,39,1
12,50,1
12,68,1
12,70,1
12,80,1
12,83,1
12,107,1
12,177,1
12,179,1
12,180,1
12,190,1
12,195,1
12,231,1
12,234,1
12,296,1
12,356,1
12,367,1
12,371,1
12,392,1
12,624,1
12,844,1
12,1139,1
12,1156,1
12,1375,1
12,1378,1
12,1627,1
12,1737,1
13,20,1
13,78,1
13,127,1
13,179,1
13,180,1
13,224,1
13,226,1
13,241,1
13,303,1
13,457,1
13,458,1
13,585,1
13,604,1
13,606,1
13,721,1
13,728,1
13,768,1
13,796,1
13,913,1
13,936,1
13,972,1
13,977,1
13,981,1
13,1100,1
13,1101,1
13,1115,1
13,1201,1
13,1208,1
13,1261,1
13,1288,1
13,1338,1
13,1460,1
13,1468,1
13,1476,1
13,1497,1
13,1498,1
13,1676,1
13,1690,1
13,1747,1
13,2026,1
13,2039,1
13,2040,1
13,2078,1
13,2081,1
13,2146,1
13,2177,1
13,2191,1
13,2313,1
14,20,1
14,79,1
14,110,1
14,234,1
14,322,1
14,440,1
14,449,1
14,510,1
14,576,1
14,916,1
14,971,1
14,1144,1
14,1276,1
14,1415,1
14,1773,1
14,2086,1
14,2115,1
14,2168,1
14,2343,1
14,2406,1
15,24,1
15,30,1
15,71,1
16,2,1
16,26,1
16,247,1
16,279,1
16,661,1
16,2251,1
17,27,1
17,47,1
17,63,1
17,64,1
17,69,1
17,182,1
17,301,1
17,305,1
17,312,1
17,354,1
17,355,1
17,410,1
17,416,1
17,433,1
17,447,1
17,513,1
17,527,1
17,554,1
17,589,1
17,742,1
17,828,1
17,844,1
17,1063,1
17,1088,1
17,1094,1
17,1140,1
17,1141,1
17,1311,1
17,1350,1
17,1351,1
17,1383,1
17,1479,1
17,1551,1
17,1669,1
17,1890,1
17,1902,1
17,1991,1
17,2040,1
17,2100,1
17,2121,1
17,2122,1
17,2183,1
17,2284,1
17,2323,1
18,30,1
18,57,1
18,59,1
18,78,1
18,90,1
18,98,1
18,139,1
18,169,1
18,181,1
18,187,1
18,198,1
18,206,1
18,239,1
18,269,1
18,332,1
18,337,1
18,341,1
18,342,1
18,348,1
18,364,1
18,375,1
18,387,1
18,406,1
18,419,1
18,446,1
18,450,1
18,465,1
18,477,1
18,479,1
18,491,1
18,492,1
18,502,1
18,519,1
18,574,1
18,575,1
18,580,1
18,581,1
18,582,1
18,583,1
18,623,1
18,625,1
18,640,1
18,660,1
18,686,1
18,698,1
18,705,1
18,717,1
18,737,1
18,753,1
18,754,1
18,755,1
18,765,1
18,778,1
18,786,1
18,793,1
18,799,1
18,803,1
18,812,1
18,870,1
18,886,1
18,896,1
18,903,1
18,915,1
18,929,1
18,948,1
18,974,1
18,988,1
18,998,1
18,1005,1
18,1008,1
18,1037,1
18,1046,1
18,1057,1
18,1067,1
18,1082,1
18,1119,1
18,1136,1
18,1143,1
18,1185,1
18,1194,1
18,1237,1
18,1266,1
18,1285,1
18,1290,1
18,1304,1
18,1323,1
18,1361,1
18,1379,1
18,1392,1
18,1401,1
18,1408,1
18,1410,1
18,1466,1
18,1478,1
18,1484,1
18,1485,1
18,1487,1
18,1500,1
18,1504,1
18,1505,1
18,1544,1
18,1578,1
18,1634,1
18,1636,1
18,1683,1
18,1688,1
18,1710,1
18,1729,1
18,1755,1
18,1756,1
18,1771,1
18,1790,1
18,1797,1
18,1864,1
18,1893,1
18,1899,1
18,1927,1
18,1929,1
18,1966,1
18,2025,1
18,2034,1
18,2051,1
18,2074,1
18,2092,1
18,2131,1
18,2164,1
18,2287,1
19,34,1
19,95,1
19,124,1
19,166,1
19,294,1
19,343,1
19,374,1
19,444,1
19,467,1
19,522,1
19,538,1
19,557,1
19,687,1
19,724,1
19,941,1
19,1150,1
19,1157,1
19,1275,1
19,1356,1
19,1596,1
19,1610,1
19,1781,1
19,1967,1
19,2149,1
20,37,1
20,94,1
20,104,1
20,313,1
20,453,1
20,508,1
20,1079,1
20,2210,1
21,40,1
21,77,1
21,544,1
21,732,1
21,781,1
21,832,1
21,908,1
21,918,1
21,1085,1
21,1123,1
21,1197,1
21,1401,1
21,1598,1
21,1659,1
21,1731,1
21,1774,1
21,1943,1
21,1979,1
21,1993,1
21,2010,1
21,2047,1
21,2066,1
21,2104,1
21,2158,1
21,2168,1
21,2232,1
21,2238,1
21,2246,1
21,2279,1
21,2314,1
21,2400,1
21,2403,1
21,2405,1
21,2406,1
21,2414,1
22,44,1
22,158,1
22,260,1
22,588,1
22,669,1
22,746,1
22,795,1
22,818,1
22,967,1
22,1594,1
22,1623,1
22,1754,1
22,1921,1
22,2110,1
22,2205,1
23,49,1
23,68,1
23,70,1
23,113,1
23,115,1
23,141,1
23,161,1
23,193,1
23,212,1
23,246,1
23,256,1
23,304,1
23,344,1
23,424,1
23,437,1
23,460,1
23,540,1
23,615,1
23,711,1
23,848,1
23,1075,1
23,1138,1
23,1427,1
23,1430,1
23,2134,1
24,51,1
24,211,1
24,220,1
24,222,1
24,274,1
24,300,1
24,313,1
24,315,1
24,456,1
24,546,1
24,605,1
24,667,1
24,1075,1
24,1091,1
24,1378,1
25,62,1
25,114,1
25,213,1
25,216,1
25,250,1
25,323,1
25,343,1
25,345,1
25,364,1
25,387,1
25,463,1
25,472,1
25,495,1
25,497,1
25,528,1
25,529,1
25,543,1
25,561,1
25,562,1
25,566,1
25,572,1
25,575,1
25,581,1
25,603,1
25,619,1
25,622,1
25,675,1
25,691,1
25,737,1
25,740,1
25,744,1
25,747,1
25,751,1
25,753,1
25,754,1
25,771,1
25,823,1
25,889,1
25,896,1
25,948,1
25,1008,1
25,1020,1
25,1037,1
25,1048,1
25,1064,1
25,1077,1
25,1096,1
25,1108,1
25,1134,1
25,1150,1
25,1165,1
25,1186,1
25,1194,1
25,1219,1
25,1228,1
25,1247,1
25,1291,1
25,1297,1
25,1331,1
25,1360,1
25,1392,1
25,1421,1
25,1448,1
25,1474,1
25,1475,1
25,1482,1
25,1484,1
25,1492,1
25,1504,1
25,1525,1
25,1556,1
25,1569,1
25,1575,1
25,1605,1
25,1636,1
25,1671,1
25,1677,1
25,1678,1
25,1699,1
25,1727,1
25,1752,1
25,1757,1
25,1788,1
25,1797,1
25,1808,1
25,1816,1
25,1818,1
25,1851,1
25,1872,1
25,1911,1
25,1914,1
25,1953,1
25,1995,1
25,1999,1
25,2003,1
25,2023,1
25,2094,1
25,2164,1
25,2214,1
25,2226,1
25,2227,1
25,2270,1
25,2281,1
25,2341,1
25,2359,1
25,2385,1
26,62,1
26,102,1
26,110,1
26,130,1
26,173,1
26,174,1
26,176,1
26,191,1
26,255,1
26,303,1
26,331,1
26,350,1
26,362,1
26,388,1
26,414,1
26,454,1
26,462,1
26,558,1
26,573,1
26,588,1
26,600,1
26,604,1
26,607,1
26,612,1
26,623,1
26,649,1
26,682,1
26,683,1
26,689,1
26,704,1
26,719,1
26,739,1
26,762,1
26,782,1
26,805,1
26,816,1
26,840,1
26,853,1
26,855,1
26,861,1
26,864,1
26,884,1
26,929,1
26,930,1
26,944,1
26,972,1
26,1009,1
26,1011,1
26,1020,1
26,1026,1
26,1072,1
26,1100,1
26,1125,1
26,1134,1
26,1165,1
26,1173,1
26,1174,1
26,1201,1
26,1210,1
26,1220,1
26,1226,1
26,1233,1
26,1235,1
26,1246,1
26,1261,1
26,1269,1
26,1271,1
26,1274,1
26,1287,1
26,1299,1
26,1308,1
26,1310,1
26,1344,1
26,1368,1
26,1394,1
26,1404,1
26,1406,1
26,1417,1
26,1423,1
26,1451,1
26,1452,1
26,1467,1
26,1503,1
26,1508,1
26,1529,1
26,1531,1
26,1543,1
26,1546,1
26,1555,1
26,1600,1
26,1625,1
26,1630,1
26,1640,1
26,1707,1
26,1738,1
26,1776,1
26,1789,1
26,1799,1
26,1805,1
26,1818,1
26,1828,1
26,1858,1
26,1859,1
26,1883,1
26,1958,1
26,1970,1
26,2007,1
26,2026,1
26,2081,1
26,2164,1
26,2188,1
26,2203,1
26,2227,1
26,2257,1
26,2281,1
26,2291,1
26,2317,1
26,2326,1
26,2364,1
26,2377,1
27,73,1
27,159,1
27,241,1
27,357,1
27,457,1
27,495,1
27,514,1
27,531,1
27,558,1
27,622,1
27,658,1
27,659,1
27,748,1
27,758,1
27,823,1
27,869,1
27,912,1
27,1060,1
27,1084,1
27,1229,1
27,1280,1
27,1339,1
27,1389,1
27,1441,1
27,1457,1
27,1459,1
27,1473,1
27,1497,1
27,1505,1
27,1542,1
27,1553,1
27,1683,1
27,1744,1
27,1765,1
27,1777,1
27,1811,1
27,1916,1
27,1938,1
27,2007,1
27,2051,1
27,2070,1
27,2294,1
27,2332,1
27,2354,1
27,2373,1
27,2384,1
28,75,1
28,124,1
28,464,1
28,511,1
28,512,1
28,538,1
28,544,1
28,637,1
28,737,1
28,760,1
28,769,1
28,1148,1
28,1197,1
28,1335,1
28,1458,1
28,1464,1
28,1499,1
28,1638,1
28,2123,1
28,2142,1
28,2149,1
29,80,1
29,333,1
29,336,1
29,570,1
29,781,1
29,839,1
29,915,1
29,1177,1
29,1242,1
29,1668,1
29,1681,1
29,1682,1
29,1714,1
29,1718,1
29,1809,1
29,1881,1
29,2020,1
29,2193,1
29,2201,1
30,82,1
30,2030,1
31,5,1
31,82,1
31,85,1
31,186,1
31,194,1
31,229,1
31,236,1
31,240,1
31,283,1
31,328,1
31,348,1
31,359,1
31,446,1
31,500,1
31,569,1
31,629,1
31,671,1
31,759,1
31,765,1
31,869,1
31,886,1
31,960,1
31,961,1
31,998,1
31,1016,1
31,1047,1
31,1106,1
31,1178,1
31,1296,1
31,1356,1
31,1416,1
31,1442,1
31,1449,1
31,1500,1
31,1510,1
31,1613,1
31,1683,1
31,1693,1
31,1740,1
31,1764,1
31,2072,1
31,2117,1
31,2195,1
31,2302,1
31,2354,1
32,33,1
32,73,1
32,87,1
32,188,1
32,286,1
32,397,1
32,415,1
32,511,1
32,533,1
32,1215,1
32,1254,1
32,1306,1
32,1363,1
32,1663,1
32,1792,1
32,1834,1
32,1836,1
32,1863,1
32,1952,1
32,2292,1
32,2404,1
33,42,1
33,101,1
33,108,1
33,134,1
33,151,1
33,259,1
33,287,1
33,298,1
33,304,1
33,411,1
33,420,1
33,460,1
33,524,1
33,550,1
33,627,1
33,664,1
33,675,1
33,807,1
33,1170,1
33,1334,1
33,1568,1
33,1957,1
33,1982,1
34,44,1
34,158,1
34,260,1
34,588,1
34,669,1
34,746,1
34,795,1
34,818,1
34,967,1
34,1594,1
34,1623,1
34,1754,1
34,1921,1
34,2110,1
34,2205,1
35,92,1
35,874,1
35,1168,1
35,1169,1
35,1770,1
35,1998,1
35,2052,1
36,83,1
36,99,1
36,196,1
36,209,1
36,356,1
36,390,1
36,452,1
36,628,1
36,692,1
36,967,1
36,1324,1
36,1794,1
36,1875,1
37,103,1
37,129,1
37,133,1
37,148,1
37,193,1
37,203,1
37,246,1
37,257,1
37,333,1
37,339,1
37,343,1
37,357,1
37,407,1
37,457,1
37,607,1
37,615,1
37,738,1
37,746,1
37,747,1
37,920,1
37,925,1
37,965,1
37,1012,1
37,1045,1
37,1061,1
37,1188,1
37,1329,1
37,1582,1
37,1770,1
37,2020,1
37,2058,1
38,114,1
38,121,1
38,160,1
38,175,1
38,207,1
38,221,1
38,262,1
38,285,1
38,293,1
38,317,1
38,321,1
38,345,1
38,350,1
38,373,1
38,395,1
38,408,1
38,422,1
38,426,1
38,430,1
38,458,1
38,463,1
38,471,1
38,472,1
38,489,1
38,493,1
38,494,1
38,499,1
38,528,1
38,548,1
38,560,1
38,572,1
38,578,1
38,585,1
38,586,1
38,587,1
38,619,1
38,694,1
38,700,1
38,708,1
38,713,1
38,720,1
38,727,1
38,757,1
38,777,1
38,860,1
38,866,1
38,867,1
38,868,1
38,872,1
38,885,1
38,898,1
38,906,1
38,919,1
38,921,1
38,923,1
38,931,1
38,938,1
38,942,1
38,953,1
38,990,1
38,999,1
38,1017,1
38,1064,1
38,1066,1
38,1104,1
38,1110,1
38,1120,1
38,1121,1
38,1130,1
38,1139,1
38,1149,1
38,1153,1
38,1171,1
38,1180,1
38,1209,1
38,1225,1
38,1228,1
38,1232,1
38,1244,1
38,1264,1
38,1283,1
38,1307,1
38,1319,1
38,1331,1
38,1346,1
38,1357,1
38,1369,1
38,1370,1
38,1386,1
38,1387,1
38,1397,1
38,1400,1
38,1414,1
38,1425,1
38,1434,1
38,1437,1
38,1439,1
38,1446,1
38,1447,1
38,1469,1
38,1473,1
38,1474,1
38,1489,1
38,1515,1
38,1523,1
38,1524,1
38,1535,1
38,1541,1
38,1545,1
38,1567,1
38,1580,1
38,1589,1
38,1631,1
38,1670,1
38,1671,1
38,1673,1
38,1674,1
38,1689,1
38,1700,1
38,1708,1
38,1763,1
38,1765,1
38,1780,1
38,1785,1
38,1787,1
38,1788,1
38,1806,1
38,1811,1
38,1815,1
38,1816,1
38,1819,1
38,1829,1
38,1850,1
38,1865,1
38,1887,1
38,1901,1
38,1909,1
38,1919,1
38,1923,1
38,1926,1
38,1931,1
38,1933,1
38,1942,1
38,1944,1
38,1946,1
38,1987,1
38,2003,1
38,2041,1
38,2046,1
38,2054,1
38,2065,1
38,2076,1
38,2078,1
38,2145,1
38,2146,1
38,2162,1
38,2170,1
38,2179,1
38,2180,1
38,2198,1
38,2222,1
38,2226,1
38,2268,1
38,2269,1
38,2336,1
38,2337,1
38,2342,1
38,2378,1
38,2384,1
39,121,1
39,678,1
39,723,1
39,763,1
39,806,1
39,910,1
39,1252,1
39,1257,1
39,1277,1
39,1320,1
39,1399,1
39,1436,1
39,1599,1
39,1662,1
39,1674,1
39,1719,1
39,1783,1
39,1791,1
39,1888,1
39,1891,1
39,2016,1
39,2019,1
39,2045,1
39,2296,1
40,131,1
40,196,1
40,205,1
40,228,1
40,252,1
40,270,1
40,278,1
40,391,1
40,597,1
40,618,1
40,635,1
40,642,1
40,718,1
40,734,1
40,822,1
40,891,1
40,993,1
40,1179,1
40,1189,1
40,1273,1
40,1276,1
40,1641,1
40,1904,1
40,1963,1
40,2006,1
40,2033,1
41,89,1
41,133,1
41,324,1
41,404,1
41,406,1
41,492,1
41,523,1
41,524,1
41,596,1
41,705,1
41,724,1
41,765,1
41,824,1
41,899,1
41,900,1
41,1061,1
41,1156,1
41,1157,1
41,1164,1
41,1179,1
41,1187,1
41,1213,1
41,1394,1
41,1432,1
41,1496,1
41,1543,1
41,1596,1
41,1604,1
41,1625,1
41,1746,1
41,1750,1
41,1771,1
41,1828,1
41,1967,1
41,2029,1
41,2068,1
41,2197,1
41,2227,1
42,135,1
42,429,1
42,463,1
42,626,1
42,663,1
42,676,1
42,836,1
42,933,1
42,1196,1
42,1268,1
42,1347,1
42,1665,1
42,1766,1
42,1875,1
42,1961,1
42,2116,1
42,2261,1
42,2272,1
42,2349,1
43,150,1
43,167,1
43,259,1
43,265,1
43,289,1
43,320,1
43,351,1
43,469,1
43,579,1
43,756,1
43,773,1
43,914,1
43,1074,1
43,1076,1
43,1080,1
43,1182,1
43,1185,1
43,1213,1
43,1281,1
43,1507,1
43,1520,1
43,1528,1
43,1705,1
43,1934,1
43,1937,1
43,1957,1
43,2096,1
44,152,1
44,1716,1
45,76,1
45,83,1
45,155,1
45,219,1
45,440,1
45,481,1
45,530,1
45,535,1
45,995,1
45,1302,1
45,1324,1
45,1435,1
45,1794,1
46,170,1
46,482,1
46,515,1
46,542,1
46,681,1
46,785,1
46,841,1
46,902,1
46,949,1
46,976,1
46,1000,1
46,1007,1
46,1032,1
46,1040,1
46,1070,1
46,1163,1
46,1172,1
46,1191,1
46,1193,1
46,1259,1
46,1390,1
46,1444,1
46,1463,1
46,1570,1
46,1576,1
46,1579,1
46,1584,1
46,1585,1
46,1587,1
46,1603,1
46,1637,1
46,1664,1
46,1684,1
46,1709,1
46,1713,1
46,1717,1
46,1734,1
46,1736,1
46,1751,1
46,1760,1
46,1800,1
46,1837,1
46,1842,1
46,1854,1
46,1877,1
46,1895,1
46,1905,1
46,1915,1
46,1917,1
46,1950,1
46,1988,1
46,2005,1
46,2022,1
46,2031,1
46,2042,1
46,2069,1
46,2071,1
46,2103,1
46,2108,1
46,2112,1
46,2114,1
46,2137,1
46,2141,1
46,2144,1
46,2156,1
46,2161,1
46,2175,1
46,2187,1
46,2219,1
46,2220,1
46,2221,1
46,2233,1
46,2234,1
46,2249,1
46,2259,1
46,2264,1
46,2271,1
46,2275,1
46,2285,1
46,2286,1
46,2289,1
46,2297,1
46,2304,1
46,2305,1
46,2324,1
46,2328,1
46,2331,1
46,2333,1
46,2335,1
46,2345,1
46,2348,1
46,2352,1
46,2355,1
46,2357,1
46,2360,1
46,2362,1
46,2392,1
46,2401,1
46,2411,1
46,2413,1
47,80,1
47,175,1
47,553,1
47,630,1
47,654,1
47,688,1
47,751,1
47,936,1
47,938,1
47,973,1
47,983,1
47,984,1
47,1001,1
47,1032,1
47,1078,1
47,1095,1
47,1250,1
47,1366,1
47,1371,1
47,1414,1
47,1422,1
47,1433,1
47,1456,1
47,1518,1
47,1668,1
47,1716,1
47,1742,1
47,1752,1
47,1826,1
47,1888,1
47,2113,1
47,2273,1
47,2321,1
47,2341,1
47,2372,1
48,114,1
48,175,1
48,276,1
48,382,1
48,389,1
48,419,1
48,521,1
48,565,1
48,584,1
48,602,1
48,603,1
48,787,1
48,888,1
48,917,1
48,938,1
48,964,1
48,1071,1
48,1129,1
48,1151,1
48,1227,1
48,1270,1
48,1374,1
48,1389,1
48,1414,1
48,1448,1
48,1517,1
48,1639,1
48,1711,1
48,1715,1
48,1726,1
48,1739,1
48,1832,1
48,1845,1
48,1903,1
48,1906,1
48,1947,1
48,1969,1
48,2021,1
48,2044,1
48,2062,1
48,2070,1
48,2336,1
48,2337,1
48,2371,1
49,180,1
49,307,1
49,326,1
49,353,1
49,363,1
49,459,1
49,465,1
49,507,1
49,627,1
49,639,1
49,680,1
49,791,1
49,1062,1
49,1092,1
49,1188,1
49,1211,1
49,1285,1
49,1306,1
49,1333,1
49,1348,1
49,1382,1
49,1401,1
49,1555,1
49,1606,1
49,1844,1
49,1894,1
49,2148,1
49,2172,1
50,166,1
50,180,1
50,374,1
50,845,1
50,1511,1
51,248,1
51,333,1
51,357,1
51,365,1
51,419,1
51,457,1
51,513,1
51,634,1
51,685,1
51,716,1
51,731,1
51,745,1
51,855,1
51,907,1
51,927,1
51,929,1
51,941,1
51,954,1
51,963,1
51,969,1
51,990,1
51,1002,1
51,1024,1
51,1036,1
51,1052,1
51,1068,1
51,1152,1
51,1155,1
51,1251,1
51,1275,1
51,1308,1
51,1310,1
51,1339,1
51,1362,1
51,1376,1
51,1388,1
51,1406,1
51,1629,1
51,1645,1
51,1655,1
51,1704,1
51,1745,1
51,1779,1
51,1789,1
51,1820,1
51,2037,1
51,2212,1
52,46,1
52,134,1
52,183,1
52,192,1
52,201,1
52,238,1
52,251,1
52,257,1
52,343,1
52,381,1
52,438,1
52,444,1
52,468,1
52,478,1
52,488,1
52,496,1
52,508,1
52,509,1
52,652,1
52,677,1
52,725,1
52,726,1
52,788,1
52,792,1
52,829,1
52,882,1
52,905,1
52,965,1
52,970,1
52,1004,1
52,1027,1
52,1146,1
52,1195,1
52,1501,1
52,1522,1
52,1737,1
52,1755,1
52,1756,1
52,1759,1
52,1860,1
52,1884,1
52,1951,1
52,2018,1
53,214,1
53,326,1
53,383,1
53,571,1
53,616,1
53,632,1
53,748,1
53,775,1
53,804,1
53,842,1
53,889,1
53,901,1
53,1010,1
53,1049,1
53,1121,1
53,1136,1
53,1158,1
53,1252,1
53,1609,1
53,1646,1
53,1657,1
53,1686,1
53,1794,1
53,1821,1
54,223,1
54,288,1
54,299,1
54,340,1
54,704,1
54,767,1
54,1042,1
54,1085,1
54,1126,1
54,1170,1
54,1454,1
54,1483,1
54,1893,1
54,2011,1
55,195,1
55,217,1
55,231,1
55,331,1
55,339,1
55,415,1
55,428,1
55,462,1
55,466,1
55,504,1
55,635,1
55,827,1
55,1086,1
55,1088,1
55,1089,1
55,1136,1
55,1260,1
55,1643,1
55,1658,1
55,1821,1
55,1925,1
55,1979,1
56,232,1
56,233,1
56,336,1
56,403,1
56,729,1
56,856,1
56,857,1
56,934,1
56,1021,1
56,1097,1
56,1133,1
56,1193,1
56,1223,1
56,1279,1
56,1293,1
56,1303,1
56,1326,1
56,1377,1
56,1386,1
56,1393,1
56,1395,1
56,1399,1
56,1530,1
56,1549,1
56,1573,1
56,1650,1
56,1661,1
56,1679,1
56,1681,1
56,1682,1
56,1701,1
56,1709,1
56,1714,1
56,1721,1
56,1723,1
56,1786,1
56,1796,1
56,1825,1
56,1827,1
56,1846,1
56,1880,1
56,1881,1
56,1924,1
56,1935,1
56,1984,1
56,1988,1
56,2019,1
56,2031,1
56,2064,1
56,2069,1
56,2071,1
56,2099,1
56,2111,1
56,2140,1
56,2150,1
56,2163,1
56,2169,1
56,2215,1
56,2233,1
56,2244,1
56,2255,1
56,2267,1
56,2278,1
56,2285,1
56,2286,1
56,2290,1
56,2293,1
56,2298,1
56,2304,1
56,2305,1
56,2307,1
56,2322,1
56,2330,1
56,2339,1
56,2340,1
56,2344,1
56,2346,1
56,2348,1
56,2352,1
56,2360,1
56,2376,1
56,2380,1
56,2381,1
56,2386,1
56,2393,1
56,2394,1
56,2396,1
56,2402,1
56,2412,1
56,2420,1
57,232,1
57,233,1
57,290,1
57,308,1
57,316,1
57,421,1
57,503,1
57,517,1
57,636,1
57,772,1
57,776,1
57,779,1
57,802,1
57,808,1
57,830,1
57,833,1
57,838,1
57,839,1
57,881,1
57,897,1
57,911,1
57,946,1
57,947,1
57,955,1
57,1006,1
57,1055,1
57,1056,1
57,1117,1
57,1132,1
57,1147,1
57,1181,1
57,1231,1
57,1293,1
57,1300,1
57,1327,1
57,1332,1
57,1420,1
57,1462,1
57,1494,1
57,1506,1
57,1530,1
57,1539,1
57,1548,1
57,1563,1
57,1573,1
57,1585,1
57,1652,1
57,1679,1
57,1733,1
57,1734,1
57,1793,1
57,1796,1
57,1804,1
57,1833,1
57,1838,1
57,1866,1
57,1880,1
57,1986,1
57,2064,1
57,2109,1
57,2143,1
57,2147,1
57,2150,1
58,234,1
58,243,1
58,244,1
58,378,1
58,461,1
58,837,1
58,850,1
58,937,1
58,1104,1
58,1176,1
58,1943,1
58,2118,1
58,2248,1
58,2319,1
58,2325,1
59,157,1
59,251,1
59,269,1
59,294,1
59,343,1
59,829,1
59,2015,1
60,178,1
60,255,1
60,267,1
60,1561,1
60,1617,1
60,1632,1
60,2334,1
60,2382,1
61,178,1
61,255,1
61,267,1
61,1561,1
61,1617,1
61,1632,1
61,2334,1
61,2382,1
62,30,1
62,71,1
63,490,1
63,975,1
64,473,1
64,516,1
64,666,1
64,735,1
64,811,1
64,821,1
64,919,1
64,923,1
64,942,1
64,1082,1
64,1093,1
64,1131,1
64,1151,1
64,1153,1
64,1173,1
64,1174,1
64,1198,1
64,1217,1
64,1218,1
64,1318,1
64,1340,1
64,1357,1
64,1396,1
64,1447,1
64,1512,1
64,1581,1
64,1673,1
64,1680,1
64,1708,1
64,1855,1
64,1966,1
64,1990,1
64,2048,1
64,2083,1
64,2145,1
64,2332,1
64,2347,1
64,2353,1
64,2397,1
64,2407,1
64,2415,1
65,555,1
65,1282,1
65,1588,1
65,2159,1
66,350,1
66,585,1
66,859,1
66,1021,1
66,1608,1
66,1793,1
66,1884,1
66,1930,1
66,2270,1
67,306,1
67,384,1
67,421,1
67,443,1
67,543,1
67,632,1
67,648,1
67,651,1
67,662,1
67,697,1
67,701,1
67,709,1
67,730,1
67,763,1
67,772,1
67,774,1
67,776,1
67,785,1
67,802,1
67,806,1
67,819,1
67,830,1
67,833,1
67,838,1
67,841,1
67,858,1
67,871,1
67,877,1
67,904,1
67,910,1
67,911,1
67,928,1
67,945,1
67,966,1
67,1007,1
67,1040,1
67,1044,1
67,1053,1
67,1056,1
67,1059,1
67,1065,1
67,1112,1
67,1117,1
67,1142,1
67,1160,1
67,1163,1
67,1183,1
67,1186,1
67,1191,1
67,1207,1
67,1214,1
67,1239,1
67,1240,1
67,1253,1
67,1257,1
67,1259,1
67,1315,1
67,1320,1
67,1322,1
67,1332,1
67,1337,1
67,1343,1
67,1349,1
67,1384,1
67,1412,1
67,1413,1
67,1444,1
67,1513,1
67,1536,1
67,1537,1
67,1548,1
67,1552,1
67,1559,1
67,1560,1
67,1577,1
67,1587,1
67,1591,1
67,1593,1
67,1611,1
67,1612,1
67,1622,1
67,1644,1
67,1648,1
67,1654,1
67,1662,1
67,1677,1
67,1713,1
67,1717,1
67,1730,1
67,1733,1
67,1734,1
67,1783,1
67,1804,1
67,1812,1
67,1817,1
67,1831,1
67,1846,1
67,1874,1
67,1877,1
67,1879,1
67,1886,1
67,1910,1
67,1913,1
67,1917,1
67,1936,1
67,1948,1
67,1968,1
67,1972,1
67,1973,1
67,1984,1
67,1986,1
67,1989,1
67,2005,1
67,2016,1
67,2017,1
67,2022,1
67,2027,1
67,2043,1
67,2045,1
67,2055,1
67,2075,1
67,2084,1
67,2085,1
67,2111,1
67,2114,1
67,2119,1
67,2125,1
67,2132,1
67,2144,1
67,2153,1
67,2157,1
67,2165,1
67,2167,1
67,2181,1
67,2187,1
67,2200,1
67,2218,1
67,2236,1
67,2241,1
67,2265,1
67,2266,1
67,2276,1
67,2283,1
67,2296,1
67,2303,1
67,2310,1
67,2311,1
67,2320,1
67,2345,1
67,2361,1
67,2362,1
67,2366,1
67,2389,1
67,2417,1
67,2418,1
68,674,1
68,1050,1
68,1262,1
68,1619,1
68,1620,1
68,2092,1
68,2190,1
68,2280,1
68,2316,1
68,2390,1
69,361,1
69,479,1
69,682,1
69,893,1
69,1029,1
69,1192,1
69,1237,1
69,1323,1
69,1498,1
69,1501,1
69,1614,1
69,1688,1
69,1767,1
69,1908,1
69,1970,1
69,2245,1
70,622,1
70,691,1
70,695,1
70,762,1
70,1048,1
70,1054,1
70,1235,1
70,1238,1
70,1467,1
70,1471,1
70,1617,1
70,1892,1
71,422,1
71,602,1
71,622,1
71,714,1
71,862,1
71,917,1
71,938,1
71,1084,1
71,1115,1
71,1121,1
71,1202,1
71,1203,1
71,1347,1
71,1372,1
71,1374,1
72,106,1
72,497,1
72,577,1
72,634,1
72,650,1
72,741,1
72,1122,1
72,1284,1
72,1594,1
72,1649,1
72,2217,1
73,370,1
73,385,1
73,443,1
73,614,1
73,774,1
73,810,1
73,825,1
73,950,1
73,976,1
73,989,1
73,1003,1
73,1044,1
73,1130,1
73,1191,1
73,1286,1
73,1301,1
73,1337,1
73,1424,1
73,1465,1
73,1477,1
73,1480,1
73,1513,1
73,1536,1
73,1537,1
73,1557,1
73,1559,1
73,1560,1
73,1562,1
73,1583,1
73,1611,1
73,1635,1
73,1654,1
73,1687,1
73,1730,1
73,1734,1
73,1769,1
73,1849,1
73,1856,1
73,1889,1
73,2014,1
73,2017,1
73,2036,1
73,2079,1
73,2178,1
73,2225,1
73,2237,1
73,2250,1
73,2255,1
73,2263,1
73,2282,1
73,2283,1
73,2299,1
73,2307,1
73,2367,1
73,2391,1
73,2409,1
73,2416,1
74,678,1
74,831,1
74,850,1
74,883,1
74,952,1
74,1014,1
74,1252,1
74,1686,1
74,1861,1
74,2060,1
74,2370,1
75,169,1
75,610,1
75,854,1
75,909,1
75,913,1
75,1028,1
75,1041,1
75,1358,1
75,1411,1
75,1616,1
75,1676,1
75,1916,1
75,1949,1
76,80,1
76,175,1
76,553,1
76,630,1
76,654,1
76,688,1
76,751,1
76,936,1
76,938,1
76,973,1
76,983,1
76,984,1
76,1001,1
76,1032,1
76,1078,1
76,1095,1
76,1250,1
76,1366,1
76,1371,1
76,1414,1
76,1422,1
76,1456,1
76,1518,1
76,1668,1
76,1716,1
76,1742,1
76,1752,1
76,1826,1
76,1888,1
76,2113,1
76,2273,1
76,2321,1
76,2341,1
76,2372,1
77,384,1
77,983,1
77,1034,1
77,1065,1
77,1116,1
77,1133,1
77,1160,1
77,1183,1
77,1207,1
77,1223,1
77,1353,1
77,1354,1
77,1377,1
77,1617,1
77,1631,1
77,1698,1
77,1748,1
77,1811,1
77,1817,1
77,1832,1
77,1965,1
77,1981,1
77,2036,1
77,2049,1
77,2085,1
77,2129,1
77,2130,1
77,2200,1
77,2356,1
77,2386,1
77,2418,1
78,1111,1
78,372,1
78,473,1
78,495,1
78,691,1
78,1108,1
78,1202,1
78,1203,1
78,1208,1
78,1421,1
78,1534,1
78,1586,1
78,1802,1
78,1897,1
79,372,1
79,1111,1
80,372,1
80,473,1
80,495,1
80,691,1
80,1108,1
80,1202,1
80,1203,1
80,1208,1
80,1421,1
80,1534,1
80,1586,1
80,1802,1
80,1897,1
81,372,1
81,473,1
81,495,1
81,691,1
81,1108,1
81,1202,1
81,1203,1
81,1208,1
81,1421,1
81,1534,1
81,1586,1
81,1802,1
81,1897,1
82,326,1
82,514,1
82,657,1
82,780,1
82,800,1
82,842,1
82,920,1
82,944,1
82,1263,1
82,1266,1
82,1482,1
82,1516,1
82,1651,1
82,1665,1
82,1885,1
82,2104,1
82,2201,1
83,1725,1
84,118,1
84,929,1
84,930,1
84,1299,1
84,1473,1
84,1493,1
84,1656,1
84,1855,1
84,2050,1
85,1173,1
85,1174,1
85,1198,1
85,1966,1
85,1990,1
85,2083,1
85,2332,1
85,2353,1
85,2397,1
85,2407,1
85,2415,1
86,991,1
86,1098,1
86,1267,1
86,1321,1
86,1385,1
86,1533,1
86,1761,1
86,1810,1
86,1824,1
86,1867,1
86,1962,1
86,2061,1
86,2073,1
86,2102,1
86,2202,1
86,2223,1
86,2306,1
86,2358,1
87,953,1
87,968,1
87,970,1
87,973,1
87,978,1
87,979,1
87,987,1
87,989,1
87,993,1
87,995,1
87,996,1
87,1012,1
87,1016,1
87,1024,1
87,1025,1
87,1033,1
87,1034,1
87,1067,1
87,1074,1
87,1080,1
87,1085,1
87,1133,1
87,1139,1
87,1156,1
87,1160,1
87,1166,1
87,1169,1
87,1170,1
87,1175,1
87,1181,1
87,1183,1
87,1185,1
87,1190,1
87,1196,1
87,1202,1
87,1203,1
87,1217,1
87,1234,1
87,1236,1
87,1245,1
87,1246,1
87,1268,1
87,1278,1
87,1281,1
87,1291,1
87,1296,1
87,1297,1
87,1309,1
87,1337,1
87,1338,1
87,1343,1
87,1345,1
87,1348,1
87,1363,1
87,1368,1
87,1372,1
87,1387,1
87,1394,1
87,1405,1
87,1431,1
87,1435,1
87,1441,1
87,1443,1
87,1449,1
87,1454,1
87,1465,1
87,1470,1
87,1475,1
87,1476,1
87,1478,1
87,1483,1
87,1487,1
87,1506,1
87,1511,1
87,1512,1
87,1541,1
87,1564,1
87,1568,1
87,1572,1
87,1593,1
87,1606,1
87,1609,1
87,1623,1
87,1647,1
87,1648,1
87,1672,1
87,1686,1
87,1687,1
87,1696,1
87,1710,1
87,1714,1
87,1715,1
87,1723,1
87,1725,1
87,1728,1
87,1740,1
87,1744,1
87,1752,1
87,1764,1
87,1786,1
87,1790,1
87,1803,1
87,1828,1
87,1835,1
87,1836,1
87,1841,1
87,1856,1
87,1868,1
87,1870,1
87,1875,1
87,1879,1
87,1905,1
87,1910,1
87,1915,1
87,1917,1
87,1937,1
87,1948,1
87,1952,1
87,1959,1
87,1964,1
87,1973,1
87,1974,1
87,1996,1
87,2009,1
87,2010,1
87,2011,1
87,2017,1
87,2027,1
87,2028,1
87,2029,1
87,2033,1
87,2037,1
87,2057,1
87,2063,1
87,2066,1
87,2068,1
87,2077,1
87,2080,1
87,2085,1
87,2091,1
87,2094,1
87,2101,1
87,2103,1
87,2106,1
87,2110,1
87,2116,1
87,2117,1
87,2124,1
87,2164,1
87,2181,1
87,2199,1
87,2204,1
87,2218,1
87,2219,1
87,2237,1
87,2241,1
87,2250,1
87,2254,1
87,2260,1
87,2261,1
87,2263,1
87,2266,1
87,2267,1
87,2272,1
87,2275,1
87,2295,1
87,2297,1
87,2299,1
87,2314,1
87,2317,1
87,2319,1
87,2334,1
87,2350,1
87,2355,1
87,2379,1
87,2382,1
87,2391,1
87,2394,1
87,2396,1
87,2406,1
87,2407,1
88,53,1
88,72,1
88,111,1
88,148,1
88,150,1
88,161,1
88,165,1
88,240,1
88,249,1
88,302,1
88,344,1
88,432,1
88,448,1
88,528,1
88,640,1
88,652,1
88,664,1
88,672,1
88,685,1
88,711,1
88,725,1
88,773,1
88,883,1
88,995,1
88,1007,1
88,1064,1
88,1167,1
88,1219,1
88,1677,1
89,105,1
89,113,1
89,238,1
89,261,1
89,334,1
89,362,1
89,406,1
89,444,1
89,534,1
89,794,1
89,814,1
89,954,1
89,1054,1
89,1440,1
89,1472,1
90,78,1
90,159,1
90,224,1
90,378,1
90,435,1
90,461,1
90,663,1
90,684,1
90,943,1
90,1005,1
90,1317,1
90,1571,1
90,1616,1
90,1945,1
90,1997,1
90,2051,1
90,2118,1
90,2294,1
90,2325,1
91,44,1
91,179,1
91,768,1
91,789,1
91,849,1
91,986,1
91,1032,1
91,1070,1
91,1137,1
91,1272,1
91,1516,1
91,1532,1
91,1554,1
91,1574,1
91,1695,1
91,1812,1
91,1863,1
91,1922,1
91,1985,1
91,2030,1
91,2157,1
91,2242,1
91,2328,1
91,2366,1
91,2368,1
91,2403,1
92,146,1
92,382,1
92,449,1
92,561,1
92,622,1
92,653,1
92,658,1
92,709,1
92,850,1
92,872,1
92,922,1
92,981,1
92,1077,1
92,1107,1
92,1155,1
92,1158,1
92,1445,1
92,1468,1
92,1603,1
92,1657,1
92,1661,1
92,1751,1
92,1929,1
92,1981,1
92,2135,1
92,2175,1
92,2225,1
93,25,1
93,51,1
93,62,1
93,73,1
93,93,1
93,136,1
93,190,1
93,191,1
93,199,1
93,203,1
93,216,1
93,220,1
93,222,1
93,223,1
93,253,1
93,273,1
93,300,1
93,308,1
93,310,1
93,322,1
93,330,1
93,345,1
93,365,1
93,409,1
93,468,1
93,540,1
93,569,1
93,581,1
93,599,1
93,608,1
93,647,1
93,676,1
93,688,1
93,721,1
93,782,1
93,784,1
93,791,1
93,799,1
93,815,1
93,853,1
93,873,1
93,875,1
93,925,1
93,927,1
93,933,1
93,960,1
93,961,1
93,972,1
93,976,1
93,992,1
93,1006,1
93,1013,1
93,1023,1
93,1057,1
93,1091,1
93,1096,1
93,1122,1
93,1149,1
93,1163,1
93,1198,1
93,1224,1
93,1271,1
93,1280,1
93,1302,1
93,1314,1
93,1423,1
93,1426,1
93,1490,1
93,1493,1
93,1503,1
93,1515,1
93,1540,1
93,1545,1
93,1558,1
93,1562,1
93,1565,1
93,1576,1
93,1585,1
93,1601,1
93,1618,1
93,1650,1
93,1662,1
93,1665,1
93,1693,1
93,1707,1
93,1768,1
93,1785,1
93,1837,1
93,1859,1
93,1869,1
93,1883,1
93,1892,1
93,1976,1
93,2056,1
93,2081,1
93,2166,1
93,2195,1
93,2253,1
93,2326,1
93,2327,1
93,2354,1
93,2395,1
96,2,1
96,31,1
96,68,1
96,86,1
96,87,1
96,101,1
96,114,1
96,132,1
96,189,1
96,256,1
96,282,1
96,295,1
96,403,1
96,431,1
96,457,1
96,482,1
96,497,1
96,503,1
96,532,1
96,548,1
96,552,1
96,575,1
96,580,1
96,708,1
96,739,1
96,751,1
96,753,1
96,761,1
96,796,1
96,816,1
96,842,1
96,870,1
96,920,1
96,988,1
96,990,1
96,1055,1
96,1124,1
96,1127,1
96,1180,1
96,1318,1
96,1331,1
96,1356,1
96,1357,1
96,1361,1
96,1460,1
96,1649,1
96,1699,1
96,1759,1
96,1775,1
96,1939,1
96,1955,1
96,2041,1
96,2170,1
94,5,1
94,10,1
94,17,1
94,21,1
94,23,1
94,26,1
94,29,1
94,30,1
94,34,1
94,45,1
94,49,1
94,59,1
94,66,1
94,67,1
94,71,1
94,81,1
94,82,1
94,84,1
94,85,1
94,86,1
94,88,1
94,91,1
94,92,1
94,94,1
94,95,1
94,97,1
94,103,1
94,110,1
94,115,1
94,117,1
94,120,1
94,125,1
94,128,1
94,134,1
94,140,1
94,141,1
94,142,1
94,145,1
94,153,1
94,155,1
94,158,1
94,163,1
94,164,1
94,167,1
94,168,1
94,172,1
94,173,1
94,181,1
94,183,1
94,187,1
94,192,1
94,193,1
94,194,1
94,201,1
94,208,1
94,210,1
94,214,1
94,219,1
94,221,1
94,229,1
94,230,1
94,232,1
94,235,1
94,236,1
94,237,1
94,239,1
94,245,1
94,246,1
94,251,1
94,254,1
94,262,1
94,266,1
94,275,1
94,280,1
94,281,1
94,286,1
94,287,1
94,289,1
94,290,1
94,294,1
94,298,1
94,304,1
94,307,1
94,318,1
94,319,1
94,320,1
94,325,1
94,329,1
94,336,1
94,340,1
94,342,1
94,347,1
94,348,1
94,352,1
94,353,1
94,359,1
94,366,1
94,368,1
94,370,1
94,372,1
94,375,1
94,379,1
94,383,1
94,387,1
94,394,1
94,395,1
94,402,1
94,403,1
94,408,1
94,412,1
94,413,1
94,424,1
94,425,1
94,429,1
94,430,1
94,434,1
94,436,1
94,441,1
94,443,1
94,450,1
94,460,1
94,465,1
94,471,1
94,472,1
94,474,1
94,476,1
94,477,1
94,478,1
94,491,1
94,493,1
94,500,1
94,502,1
94,503,1
94,507,1
94,508,1
94,525,1
94,536,1
94,541,1
94,550,1
94,555,1
94,560,1
94,563,1
94,568,1
94,574,1
94,578,1
94,587,1
94,591,1
94,593,1
94,595,1
94,609,1
94,615,1
94,620,1
94,634,1
94,636,1
94,648,1
94,649,1
94,650,1
94,651,1
94,655,1
94,660,1
94,666,1
94,668,1
94,670,1
94,675,1
94,677,1
94,680,1
94,681,1
94,686,1
94,687,1
94,689,1
94,690,1
94,694,1
94,696,1
94,697,1
94,698,1
94,699,1
94,701,1
94,703,1
94,704,1
94,706,1
94,713,1
94,720,1
94,730,1
94,737,1
94,743,1
94,749,1
94,752,1
94,757,1
94,766,1
94,769,1
94,774,1
94,780,1
94,785,1
94,788,1
94,790,1
94,792,1
94,797,1
94,802,1
94,803,1
94,807,1
94,808,1
94,813,1
94,818,1
94,819,1
94,820,1
94,830,1
94,833,1
94,834,1
94,838,1
94,841,1
94,845,1
94,860,1
94,862,1
94,864,1
94,867,1
94,868,1
94,869,1
94,871,1
94,874,1
94,876,1
94,878,1
94,882,1
94,885,1
94,889,1
94,897,1
94,903,1
94,911,1
94,923,1
94,924,1
94,930,1
94,931,1
94,934,1
94,940,1
94,945,1
94,946,1
94,947,1
94,950,1
94,952,1
94,965,1
94,966,1
94,974,1
94,975,1
94,980,1
94,982,1
94,984,1
94,985,1
94,991,1
94,998,1
94,999,1
94,1000,1
94,1001,1
94,1002,1
94,1004,1
94,1008,1
94,1010,1
94,1018,1
94,1020,1
94,1022,1
94,1027,1
94,1028,1
94,1030,1
94,1031,1
94,1037,1
94,1040,1
94,1042,1
94,1044,1
94,1047,1
94,1051,1
94,1052,1
94,1056,1
94,1059,1
94,1065,1
94,1068,1
94,1075,1
94,1076,1
94,1078,1
94,1079,1
94,1083,1
94,1087,1
94,1089,1
94,1097,1
94,1099,1
94,1106,1
94,1108,1
94,1111,1
94,1115,1
94,1117,1
94,1120,1
94,1121,1
94,1126,1
94,1138,1
94,1142,1
94,1143,1
94,1144,1
94,1145,1
94,1146,1
94,1147,1
94,1150,1
94,1153,1
94,1157,1
94,1159,1
94,1161,1
94,1162,1
94,1168,1
94,1171,1
94,1172,1
94,1178,1
94,1182,1
94,1186,1
94,1188,1
94,1193,1
94,1206,1
94,1208,1
94,1209,1
94,1216,1
94,1218,1
94,1233,1
94,1244,1
94,1247,1
94,1249,1
94,1250,1
94,1252,1
94,1255,1
94,1259,1
94,1261,1
94,1263,1
94,1264,1
94,1275,1
94,1277,1
94,1279,1
94,1286,1
94,1289,1
94,1300,1
94,1301,1
94,1304,1
94,1307,1
94,1308,1
94,1312,1
94,1319,1
94,1329,1
94,1332,1
94,1334,1
94,1340,1
94,1342,1
94,1346,1
94,1349,1
94,1352,1
94,1354,1
94,1355,1
94,1358,1
94,1362,1
94,1365,1
94,1366,1
94,1367,1
94,1369,1
94,1376,1
94,1377,1
94,1379,1
94,1386,1
94,1388,1
94,1390,1
94,1397,1
94,1402,1
94,1404,1
94,1408,1
94,1409,1
94,1412,1
94,1413,1
94,1416,1
94,1425,1
94,1427,1
94,1428,1
94,1430,1
94,1432,1
94,1442,1
94,1444,1
94,1446,1
94,1453,1
94,1462,1
94,1463,1
94,1466,1
94,1469,1
94,1474,1
94,1477,1
94,1480,1
94,1484,1
94,1485,1
94,1486,1
94,1488,1
94,1489,1
94,1496,1
94,1500,1
94,1504,1
94,1505,1
94,1507,1
94,1510,1
94,1513,1
94,1520,1
94,1521,1
94,1522,1
94,1523,1
94,1525,1
94,1534,1
94,1535,1
94,1538,1
94,1539,1
94,1552,1
94,1555,1
94,1557,1
94,1570,1
94,1573,1
94,1577,1
94,1580,1
94,1584,1
94,1586,1
94,1587,1
94,1589,1
94,1594,1
94,1598,1
94,1599,1
94,1607,1
94,1608,1
94,1611,1
94,1612,1
94,1613,1
94,1625,1
94,1628,1
94,1630,1
94,1633,1
94,1636,1
94,1637,1
94,1639,1
94,1644,1
94,1653,1
94,1654,1
94,1659,1
94,1660,1
94,1667,1
94,1671,1
94,1674,1
94,1679,1
94,1680,1
94,1683,1
94,1684,1
94,1692,1
94,1694,1
94,1697,1
94,1698,1
94,1701,1
94,1703,1
94,1705,1
94,1709,1
94,1711,1
94,1717,1
94,1724,1
94,1726,1
94,1727,1
94,1730,1
94,1731,1
94,1732,1
94,1733,1
94,1735,1
94,1736,1
94,1742,1
94,1743,1
94,1749,1
94,1754,1
94,1755,1
94,1756,1
94,1759,1
94,1763,1
94,1770,1
94,1775,1
94,1779,1
94,1780,1
94,1784,1
94,1794,1
94,1796,1
94,1797,1
94,1799,1
94,1801,1
94,1802,1
94,1805,1
94,1807,1
94,1808,1
94,1811,1
94,1814,1
94,1818,1
94,1819,1
94,1820,1
94,1821,1
94,1823,1
94,1825,1
94,1826,1
94,1827,1
94,1834,1
94,1840,1
94,1842,1
94,1843,1
94,1849,1
94,1861,1
94,1865,1
94,1866,1
94,1872,1
94,1873,1
94,1877,1
94,1887,1
94,1888,1
94,1889,1
94,1893,1
94,1894,1
94,1895,1
94,1896,1
94,1901,1
94,1909,1
94,1918,1
94,1919,1
94,1924,1
94,1927,1
94,1931,1
94,1932,1
94,1934,1
94,1936,1
94,1939,1
94,1942,1
94,1944,1
94,1949,1
94,1951,1
94,1953,1
94,1957,1
94,1965,1
94,1975,1
94,1980,1
94,1983,1
94,1989,1
94,1990,1
94,1998,1
94,2002,1
94,2008,1
94,2014,1
94,2024,1
94,2031,1
94,2034,1
94,2036,1
94,2042,1
94,2044,1
94,2047,1
94,2049,1
94,2053,1
94,2059,1
94,2060,1
94,2065,1
94,2069,1
94,2072,1
94,2075,1
94,2090,1
94,2092,1
94,2096,1
94,2108,1
94,2114,1
94,2126,1
94,2127,1
94,2130,1
94,2131,1
94,2133,1
94,2136,1
94,2137,1
94,2142,1
94,2144,1
94,2148,1
94,2150,1
94,2153,1
94,2168,1
94,2170,1
94,2173,1
94,2176,1
94,2179,1
94,2182,1
94,2184,1
94,2187,1
94,2194,1
94,2197,1
94,2210,1
94,2213,1
94,2214,1
94,2215,1
94,2216,1
94,2220,1
94,2221,1
94,2222,1
94,2228,1
94,2231,1
94,2233,1
94,2251,1
94,2262,1
94,2264,1
94,2265,1
94,2278,1
94,2279,1
94,2280,1
94,2281,1
94,2286,1
94,2287,1
94,2289,1
94,2298,1
94,2302,1
94,2320,1
94,2336,1
94,2342,1
94,2359,1
94,2361,1
94,2362,1
94,2370,1
94,2373,1
94,2384,1
94,2385,1
94,2387,1
94,2393,1
94,2409,1
94,2411,1
94,2413,1
95,1,1
95,3,1
95,4,1
95,6,1
95,7,1
95,8,1
95,9,1
95,11,1
95,12,1
95,13,1
95,14,1
95,15,1
95,16,1
95,18,1
95,19,1
95,20,1
95,22,1
95,24,1
95,27,1
95,28,1
95,32,1
95,33,1
95,35,1
95,36,1
95,37,1
95,38,1
95,39,1
95,40,1
95,41,1
95,42,1
95,43,1
95,46,1
95,47,1
95,48,1
95,50,1
95,52,1
95,54,1
95,55,1
95,56,1
95,57,1
95,58,1
95,60,1
95,61,1
95,63,1
95,64,1
95,65,1
95,69,1
95,70,1
95,75,1
95,76,1
95,77,1
95,79,1
95,80,1
95,83,1
95,89,1
95,90,1
95,98,1
95,99,1
95,102,1
95,104,1
95,106,1
95,107,1
95,109,1
95,112,1
95,116,1
95,118,1
95,121,1
95,123,1
95,124,1
95,126,1
95,127,1
95,129,1
95,130,1
95,131,1
95,137,1
95,138,1
95,139,1
95,143,1
95,144,1
95,149,1
95,151,1
95,156,1
95,157,1
95,162,1
95,169,1
95,170,1
95,174,1
95,175,1
95,177,1
95,178,1
95,180,1
95,182,1
95,184,1
95,185,1
95,188,1
95,195,1
95,196,1
95,198,1
95,200,1
95,202,1
95,204,1
95,205,1
95,207,1
95,209,1
95,211,1
95,212,1
95,215,1
95,217,1
95,225,1
95,226,1
95,227,1
95,228,1
95,231,1
95,233,1
95,234,1
95,241,1
95,242,1
95,243,1
95,244,1
95,250,1
95,252,1
95,255,1
95,257,1
95,258,1
95,260,1
95,263,1
95,264,1
95,265,1
95,269,1
95,270,1
95,271,1
95,272,1
95,274,1
95,276,1
95,277,1
95,278,1
95,284,1
95,291,1
95,292,1
95,293,1
95,296,1
95,297,1
95,299,1
95,301,1
95,303,1
95,305,1
95,306,1
95,312,1
95,313,1
95,314,1
95,315,1
95,316,1
95,317,1
95,321,1
95,326,1
95,327,1
95,331,1
95,332,1
95,333,1
95,337,1
95,339,1
95,341,1
95,343,1
95,346,1
95,350,1
95,354,1
95,355,1
95,356,1
95,357,1
95,358,1
95,360,1
95,361,1
95,364,1
95,367,1
95,369,1
95,371,1
95,373,1
95,376,1
95,377,1
95,380,1
95,381,1
95,384,1
95,386,1
95,388,1
95,389,1
95,390,1
95,391,1
95,392,1
95,396,1
95,397,1
95,398,1
95,399,1
95,400,1
95,405,1
95,407,1
95,410,1
95,411,1
95,414,1
95,415,1
95,416,1
95,417,1
95,418,1
95,419,1
95,420,1
95,422,1
95,426,1
95,428,1
95,433,1
95,437,1
95,438,1
95,439,1
95,440,1
95,442,1
95,445,1
95,447,1
95,451,1
95,452,1
95,453,1
95,454,1
95,455,1
95,456,1
95,458,1
95,459,1
95,462,1
95,464,1
95,466,1
95,467,1
95,470,1
95,473,1
95,475,1
95,479,1
95,480,1
95,481,1
95,483,1
95,485,1
95,487,1
95,489,1
95,490,1
95,492,1
95,494,1
95,495,1
95,498,1
95,501,1
95,504,1
95,505,1
95,506,1
95,509,1
95,510,1
95,511,1
95,512,1
95,513,1
95,514,1
95,515,1
95,516,1
95,518,1
95,520,1
95,521,1
95,522,1
95,523,1
95,524,1
95,526,1
95,527,1
95,529,1
95,530,1
95,531,1
95,533,1
95,535,1
95,538,1
95,539,1
95,543,1
95,544,1
95,545,1
95,546,1
95,547,1
95,549,1
95,551,1
95,554,1
95,556,1
95,558,1
95,559,1
95,562,1
95,564,1
95,565,1
95,566,1
95,567,1
95,570,1
95,572,1
95,573,1
95,576,1
95,577,1
95,582,1
95,583,1
95,584,1
95,585,1
95,586,1
95,589,1
95,590,1
95,592,1
95,594,1
95,596,1
95,597,1
95,598,1
95,600,1
95,602,1
95,604,1
95,605,1
95,606,1
95,607,1
95,610,1
95,611,1
95,612,1
95,613,1
95,614,1
95,616,1
95,617,1
95,618,1
95,619,1
95,623,1
95,624,1
95,626,1
95,627,1
95,628,1
95,633,1
95,635,1
95,637,1
95,638,1
95,639,1
95,641,1
95,642,1
95,644,1
95,645,1
95,646,1
95,654,1
95,657,1
95,659,1
95,661,1
95,665,1
95,667,1
95,669,1
95,673,1
95,674,1
95,678,1
95,679,1
95,682,1
95,683,1
95,691,1
95,692,1
95,693,1
95,695,1
95,700,1
95,702,1
95,712,1
95,714,1
95,715,1
95,717,1
95,718,1
95,719,1
95,722,1
95,723,1
95,724,1
95,727,1
95,728,1
95,729,1
95,731,1
95,732,1
95,734,1
95,735,1
95,736,1
95,738,1
95,741,1
95,742,1
95,746,1
95,748,1
95,754,1
95,760,1
95,762,1
95,764,1
95,771,1
95,772,1
95,775,1
95,776,1
95,777,1
95,778,1
95,779,1
95,781,1
95,786,1
95,793,1
95,795,1
95,798,1
95,800,1
95,804,1
95,805,1
95,806,1
95,809,1
95,810,1
95,811,1
95,812,1
95,817,1
95,821,1
95,822,1
95,823,1
95,824,1
95,826,1
95,827,1
95,828,1
95,829,1
95,831,1
95,832,1
95,837,1
95,839,1
95,840,1
95,843,1
95,844,1
95,846,1
95,851,1
95,852,1
95,854,1
95,855,1
95,856,1
95,857,1
95,858,1
95,859,1
95,863,1
95,865,1
95,866,1
95,879,1
95,880,1
95,884,1
95,887,1
95,888,1
95,893,1
95,896,1
95,898,1
95,899,1
95,900,1
95,901,1
95,904,1
95,907,1
95,908,1
95,909,1
95,910,1
95,913,1
95,914,1
95,915,1
95,916,1
95,918,1
95,919,1
95,921,1
95,926,1
95,928,1
95,929,1
95,935,1
95,937,1
95,938,1
95,939,1
95,942,1
95,944,1
95,948,1
95,951,1
95,955,1
95,956,1
95,957,1
95,958,1
95,959,1
95,962,1
95,963,1
95,964,1
95,967,1
95,969,1
95,971,1
95,977,1
95,983,1
95,994,1
95,997,1
95,1003,1
95,1009,1
95,1011,1
95,1014,1
95,1015,1
95,1017,1
95,1019,1
95,1021,1
95,1026,1
95,1029,1
95,1035,1
95,1036,1
95,1038,1
95,1039,1
95,1041,1
95,1043,1
95,1045,1
95,1046,1
95,1048,1
95,1049,1
95,1050,1
95,1053,1
95,1058,1
95,1060,1
95,1061,1
95,1062,1
95,1063,1
95,1066,1
95,1069,1
95,1071,1
95,1072,1
95,1073,1
95,1081,1
95,1082,1
95,1084,1
95,1086,1
95,1088,1
95,1090,1
95,1092,1
95,1093,1
95,1094,1
95,1095,1
95,1098,1
95,1100,1
95,1101,1
95,1102,1
95,1103,1
95,1104,1
95,1105,1
95,1109,1
95,1110,1
95,1112,1
95,1113,1
95,1114,1
95,1116,1
95,1118,1
95,1119,1
95,1123,1
95,1125,1
95,1128,1
95,1129,1
95,1130,1
95,1131,1
95,1132,1
95,1134,1
95,1135,1
95,1136,1
95,1140,1
95,1141,1
95,1148,1
95,1151,1
95,1152,1
95,1154,1
95,1164,1
95,1165,1
95,1173,1
95,1174,1
95,1176,1
95,1177,1
95,1179,1
95,1184,1
95,1187,1
95,1189,1
95,1191,1
95,1192,1
95,1194,1
95,1195,1
95,1197,1
95,1199,1
95,1200,1
95,1201,1
95,1204,1
95,1205,1
95,1207,1
95,1210,1
95,1211,1
95,1212,1
95,1213,1
95,1214,1
95,1215,1
95,1220,1
95,1221,1
95,1222,1
95,1223,1
95,1225,1
95,1226,1
95,1227,1
95,1228,1
95,1229,1
95,1230,1
95,1231,1
95,1232,1
95,1235,1
95,1237,1
95,1238,1
95,1239,1
95,1240,1
95,1241,1
95,1242,1
95,1243,1
95,1248,1
95,1251,1
95,1253,1
95,1254,1
95,1256,1
95,1257,1
95,1258,1
95,1260,1
95,1262,1
95,1265,1
95,1266,1
95,1267,1
95,1269,1
95,1270,1
95,1273,1
95,1274,1
95,1276,1
95,1282,1
95,1283,1
95,1284,1
95,1285,1
95,1287,1
95,1288,1
95,1290,1
95,1292,1
95,1293,1
95,1294,1
95,1295,1
95,1298,1
95,1299,1
95,1303,1
95,1305,1
95,1306,1
95,1310,1
95,1311,1
95,1313,1
95,1315,1
95,1316,1
95,1320,1
95,1321,1
95,1322,1
95,1323,1
95,1324,1
95,1325,1
95,1326,1
95,1327,1
95,1328,1
95,1330,1
95,1333,1
95,1335,1
95,1336,1
95,1339,1
95,1341,1
95,1344,1
95,1347,1
95,1350,1
95,1351,1
95,1353,1
95,1359,1
95,1360,1
95,1364,1
95,1370,1
95,1371,1
95,1373,1
95,1374,1
95,1375,1
95,1378,1
95,1380,1
95,1381,1
95,1382,1
95,1383,1
95,1384,1
95,1385,1
95,1389,1
95,1391,1
95,1392,1
95,1393,1
95,1395,1
95,1396,1
95,1398,1
95,1399,1
95,1400,1
95,1401,1
95,1403,1
95,1406,1
95,1407,1
95,1410,1
95,1411,1
95,1414,1
95,1415,1
95,1417,1
95,1418,1
95,1419,1
95,1420,1
95,1421,1
95,1422,1
95,1424,1
95,1429,1
95,1433,1
95,1434,1
95,1436,1
95,1437,1
95,1438,1
95,1439,1
95,1447,1
95,1448,1
95,1450,1
95,1451,1
95,1452,1
95,1455,1
95,1456,1
95,1457,1
95,1458,1
95,1459,1
95,1461,1
95,1464,1
95,1467,1
95,1471,1
95,1473,1
95,1479,1
95,1481,1
95,1482,1
95,1491,1
95,1492,1
95,1494,1
95,1495,1
95,1497,1
95,1498,1
95,1499,1
95,1501,1
95,1502,1
95,1508,1
95,1509,1
95,1514,1
95,1517,1
95,1518,1
95,1519,1
95,1524,1
95,1526,1
95,1527,1
95,1528,1
95,1529,1
95,1530,1
95,1531,1
95,1533,1
95,1536,1
95,1537,1
95,1542,1
95,1543,1
95,1544,1
95,1546,1
95,1547,1
95,1548,1
95,1549,1
95,1550,1
95,1551,1
95,1553,1
95,1556,1
95,1559,1
95,1560,1
95,1562,1
95,1563,1
95,1566,1
95,1567,1
95,1569,1
95,1575,1
95,1578,1
95,1579,1
95,1581,1
95,1582,1
95,1583,1
95,1588,1
95,1590,1
95,1591,1
95,1592,1
95,1595,1
95,1596,1
95,1597,1
95,1600,1
95,1602,1
95,1604,1
95,1605,1
95,1610,1
95,1614,1
95,1615,1
95,1617,1
95,1619,1
95,1620,1
95,1621,1
95,1622,1
95,1624,1
95,1626,1
95,1627,1
95,1629,1
95,1631,1
95,1632,1
95,1634,1
95,1635,1
95,1638,1
95,1640,1
95,1641,1
95,1642,1
95,1643,1
95,1645,1
95,1646,1
95,1651,1
95,1652,1
95,1655,1
95,1656,1
95,1658,1
95,1663,1
95,1664,1
95,1666,1
95,1668,1
95,1669,1
95,1670,1
95,1673,1
95,1675,1
95,1676,1
95,1678,1
95,1681,1
95,1682,1
95,1685,1
95,1688,1
95,1689,1
95,1690,1
95,1691,1
95,1700,1
95,1702,1
95,1704,1
95,1706,1
95,1708,1
95,1712,1
95,1713,1
95,1716,1
95,1718,1
95,1719,1
95,1720,1
95,1721,1
95,1722,1
95,1729,1
95,1734,1
95,1737,1
95,1738,1
95,1739,1
95,1741,1
95,1745,1
95,1746,1
95,1747,1
95,1748,1
95,1750,1
95,1753,1
95,1757,1
95,1758,1
95,1760,1
95,1761,1
95,1762,1
95,1765,1
95,1766,1
95,1767,1
95,1769,1
95,1771,1
95,1772,1
95,1773,1
95,1774,1
95,1776,1
95,1777,1
95,1778,1
95,1781,1
95,1782,1
95,1783,1
95,1787,1
95,1788,1
95,1789,1
95,1791,1
95,1792,1
95,1793,1
95,1795,1
95,1798,1
95,1800,1
95,1804,1
95,1806,1
95,1809,1
95,1810,1
95,1813,1
95,1815,1
95,1816,1
95,1817,1
95,1822,1
95,1824,1
95,1829,1
95,1830,1
95,1831,1
95,1832,1
95,1833,1
95,1838,1
95,1839,1
95,1844,1
95,1845,1
95,1846,1
95,1847,1
95,1848,1
95,1850,1
95,1851,1
95,1852,1
95,1853,1
95,1854,1
95,1855,1
95,1857,1
95,1858,1
95,1860,1
95,1862,1
95,1864,1
95,1867,1
95,1871,1
95,1874,1
95,1876,1
95,1878,1
95,1880,1
95,1881,1
95,1882,1
95,1884,1
95,1885,1
95,1886,1
95,1890,1
95,1891,1
95,1897,1
95,1898,1
95,1899,1
95,1900,1
95,1902,1
95,1903,1
95,1904,1
95,1906,1
95,1907,1
95,1908,1
95,1911,1
95,1912,1
95,1913,1
95,1914,1
95,1916,1
95,1920,1
95,1921,1
95,1923,1
95,1925,1
95,1926,1
95,1928,1
95,1930,1
95,1933,1
95,1935,1
95,1938,1
95,1940,1
95,1941,1
95,1943,1
95,1946,1
95,1947,1
95,1950,1
95,1954,1
95,1956,1
95,1958,1
95,1960,1
95,1961,1
95,1962,1
95,1963,1
95,1966,1
95,1967,1
95,1968,1
95,1969,1
95,1970,1
95,1971,1
95,1972,1
95,1977,1
95,1978,1
95,1979,1
95,1982,1
95,1984,1
95,1986,1
95,1987,1
95,1988,1
95,1991,1
95,1992,1
95,1993,1
95,1994,1
95,1995,1
95,1999,1
95,2000,1
95,2001,1
95,2003,1
95,2004,1
95,2005,1
95,2006,1
95,2007,1
95,2012,1
95,2013,1
95,2015,1
95,2016,1
95,2018,1
95,2019,1
95,2020,1
95,2021,1
95,2022,1
95,2023,1
95,2025,1
95,2026,1
95,2032,1
95,2035,1
95,2038,1
95,2039,1
95,2040,1
95,2043,1
95,2045,1
95,2046,1
95,2048,1
95,2050,1
95,2052,1
95,2054,1
95,2055,1
95,2058,1
95,2061,1
95,2062,1
95,2064,1
95,2067,1
95,2070,1
95,2071,1
95,2073,1
95,2074,1
95,2076,1
95,2078,1
95,2079,1
95,2082,1
95,2083,1
95,2084,1
95,2086,1
95,2087,1
95,2088,1
95,2089,1
95,2093,1
95,2095,1
95,2097,1
95,2098,1
95,2099,1
95,2100,1
95,2102,1
95,2104,1
95,2105,1
95,2107,1
95,2109,1
95,2111,1
95,2112,1
95,2113,1
95,2115,1
95,2119,1
95,2120,1
95,2121,1
95,2122,1
95,2123,1
95,2125,1
95,2128,1
95,2129,1
95,2132,1
95,2134,1
95,2138,1
95,2139,1
95,2140,1
95,2141,1
95,2143,1
95,2145,1
95,2146,1
95,2147,1
95,2149,1
95,2151,1
95,2152,1
95,2154,1
95,2155,1
95,2156,1
95,2158,1
95,2159,1
95,2160,1
95,2161,1
95,2162,1
95,2163,1
95,2165,1
95,2167,1
95,2169,1
95,2171,1
95,2172,1
95,2174,1
95,2177,1
95,2178,1
95,2180,1
95,2183,1
95,2185,1
95,2187,1
95,2188,1
95,2189,1
95,2190,1
95,2191,1
95,2192,1
95,2193,1
95,2196,1
95,2198,1
95,2200,1
95,2201,1
95,2202,1
95,2203,1
95,2205,1
95,2206,1
95,2207,1
95,2208,1
95,2209,1
95,2211,1
95,2212,1
95,2217,1
95,2223,1
95,2224,1
95,2226,1
95,2227,1
95,2229,1
95,2230,1
95,2232,1
95,2234,1
95,2235,1
95,2238,1
95,2239,1
95,2240,1
95,2243,1
95,2244,1
95,2245,1
95,2246,1
95,2247,1
95,2248,1
95,2249,1
95,2252,1
95,2254,1
95,2255,1
95,2256,1
95,2257,1
95,2258,1
95,2259,1
95,2268,1
95,2269,1
95,2270,1
95,2271,1
95,2273,1
95,2274,1
95,2276,1
95,2277,1
95,2282,1
95,2283,1
95,2284,1
95,2285,1
95,2288,1
95,2290,1
95,2291,1
95,2292,1
95,2293,1
95,2296,1
95,2300,1
95,2301,1
95,2303,1
95,2304,1
95,2305,1
95,2306,1
95,2307,1
95,2308,1
95,2309,1
95,2310,1
95,2311,1
95,2312,1
95,2313,1
95,2315,1
95,2316,1
95,2318,1
95,2321,1
95,2322,1
95,2323,1
95,2324,1
95,2329,1
95,2330,1
95,2331,1
95,2332,1
95,2333,1
95,2335,1
95,2337,1
95,2338,1
95,2339,1
95,2340,1
95,2341,1
95,2343,1
95,2344,1
95,2345,1
95,2346,1
95,2347,1
95,2348,1
95,2349,1
95,2351,1
95,2352,1
95,2353,1
95,2356,1
95,2357,1
95,2358,1
95,2360,1
95,2363,1
95,2364,1
95,2365,1
95,2367,1
95,2369,1
95,2371,1
95,2372,1
95,2374,1
95,2375,1
95,2376,1
95,2377,1
95,2378,1
95,2380,1
95,2381,1
95,2383,1
95,2386,1
95,2388,1
95,2389,1
95,2390,1
95,2392,1
95,2397,1
95,2398,1
95,2399,1
95,2400,1
95,2401,1
95,2402,1
95,2404,1
95,2405,1
95,2408,1
95,2410,1
95,2412,1
95,2414,1
95,2415,1
95,2416,1
95,2417,1
95,2418,1
95,2419,1
95,2420,1
96,2,1
96,31,1
96,68,1
96,86,1
96,87,1
96,101,1
96,114,1
96,132,1
96,189,1
96,256,1
96,282,1
96,295,1
96,323,1
96,403,1
96,431,1
96,457,1
96,482,1
96,497,1
96,503,1
96,532,1
96,548,1
96,552,1
96,575,1
96,580,1
96,708,1
96,739,1
96,751,1
96,753,1
96,761,1
96,796,1
96,816,1
96,842,1
96,870,1
96,920,1
96,988,1
96,990,1
96,1055,1
96,1124,1
96,1127,1
96,1180,1
96,1318,1
96,1331,1
96,1356,1
96,1357,1
96,1361,1
96,1460,1
96,1649,1
96,1699,1
96,1759,1
96,1775,1
96,1939,1
96,1955,1
96,2041,1
96,2170,1
97,990,1
98,1064,1
97,1032,1
97,48,1
100,180,1
100,1092,1
